2026-04-08_14-02-33,---,main.go:2026-04-08_14-02-33
2026-04-08_14-15-04,0,main.go:2026-04-08_14-15-04
2026-04-08_14-25-07,0,main.go:2026-04-08_14-25-07
2026-04-08_14-26-41,0,main.go:2026-04-08_14-26-41
2026-04-08_14-33-11,0,main.go:2026-04-08_14-26-41
2026-04-08_14-34-56,0,main.go:2026-04-08_14-34-56
2026-04-08_14-43-53,0,main.go:2026-04-08_14-34-56
2026-04-08_14-44-15,0,main.go:2026-04-08_14-44-15
2026-04-08_14-44-29,100,main.go:2026-04-08_14-44-29
2026-04-08_14-45-36,100,main.go:2026-04-08_14-44-29
