2026-06-07_10-50-57,0,main.go:2026-06-07_10-50-57
2026-06-07_10-51-03,0,main.go:2026-06-07_10-51-03
2026-06-07_10-51-20,0,main.go:2026-06-07_10-51-20
2026-06-07_10-52-51,0,main.go:2026-06-07_10-52-51
2026-06-07_10-56-09,0,main.go:2026-06-07_10-56-09
2026-06-07_10-57-51,0,main.go:2026-06-07_10-57-51
2026-06-07_10-57-56,0,main.go:2026-06-07_10-57-56
2026-06-07_10-58-54,0,main.go:2026-06-07_10-58-54
2026-06-07_11-01-22,0,main.go:2026-06-07_11-01-22
2026-06-07_11-06-07,14,main.go:2026-06-07_11-06-07
2026-06-07_11-07-01,14,main.go:2026-06-07_11-07-01
2026-06-07_11-08-29,14,main.go:2026-06-07_11-08-29
2026-06-07_11-10-35,14,main.go:2026-06-07_11-10-35
2026-06-07_11-22-49,14,main.go:2026-06-07_11-22-49
2026-06-07_11-28-14,0,main.go:2026-06-07_11-28-14
2026-06-07_11-28-23,0,main.go:2026-06-07_11-28-23
2026-06-07_11-30-05,0,main.go:2026-06-07_11-30-05
2026-06-07_11-36-33,0,main.go:2026-06-07_11-36-33
2026-06-07_11-36-56,0,main.go:2026-06-07_11-36-56
2026-06-07_11-38-24,0,main.go:2026-06-07_11-38-24
2026-06-07_11-39-21,0,main.go:2026-06-07_11-39-21
2026-06-07_11-40-50,0,main.go:2026-06-07_11-40-50
2026-06-07_11-40-57,14,main.go:2026-06-07_11-40-57
2026-06-07_11-43-57,0,main.go:2026-06-07_11-43-57
2026-06-07_11-44-08,14,main.go:2026-06-07_11-44-08
2026-06-07_11-45-10,0,main.go:2026-06-07_11-45-10
2026-06-07_11-45-17,100,main.go:2026-06-07_11-45-17
2026-06-09_10-12-33,100,main.go:2026-06-09_10-12-33
