2026-04-07_11-37-59,0,main.go:2026-04-07_11-37-59;pen.go:2026-04-07_11-37-59
2026-04-08_10-19-29,---,main.go:2026-04-07_11-37-59;pen.go:2026-04-07_11-37-59
2026-04-08_10-52-16,---,main.go:2026-04-08_10-52-16;pen.go:2026-04-07_11-37-59
2026-04-08_10-59-36,---,main.go:2026-04-08_10-59-36;pen.go:2026-04-07_11-37-59
2026-04-08_11-03-05,---,main.go:2026-04-08_11-03-05;pen.go:2026-04-07_11-37-59
2026-04-08_11-05-48,---,main.go:2026-04-08_11-05-48;pen.go:2026-04-07_11-37-59
2026-04-08_11-07-51,---,main.go:2026-04-08_11-07-51;pen.go:2026-04-07_11-37-59
2026-04-08_11-21-32,---,main.go:2026-04-08_11-21-32;pen.go:2026-04-07_11-37-59
2026-04-08_15-55-02,---,main.go:2026-04-08_15-55-02;pen.go:2026-04-07_11-37-59
2026-04-08_16-13-19,0,main.go:2026-04-08_16-13-19;pen.go:2026-04-07_11-37-59
